{
  "总体指标": {
    "平均绝对误差 (MAE)": 3.3508947999999994,
    "均方根误差 (RMSE)": 4.421549823723061,
    "最大绝对误差": 8.421854999999997,
    "平均偏差 (Bias)": 2.637405542857143
  },
  "各传感器指标": {
    "front_end_face": {
      "MAE (°C)": 1.9200199999999998,
      "RMSE (°C)": 2.0147784690783253,
      "最大误差 (°C)": 2.5063829999999996,
      "平均偏差 (°C)": -1.5786214000000005,
      "标准差 (°C)": 1.251913237777937
    },
    "cooling_top_1": {
      "MAE (°C)": 0.4027093999999991,
      "RMSE (°C)": 0.6214217114805365,
      "最大误差 (°C)": 1.7738879999999995,
      "平均偏差 (°C)": 0.05539060000000049,
      "标准差 (°C)": 0.618948160132203
    },
    "rear_bearing_outer": {
      "MAE (°C)": 7.381387599999999,
      "RMSE (°C)": 7.756737074957614,
      "最大误差 (°C)": 8.421854999999997,
      "平均偏差 (°C)": 7.381387599999999,
      "标准差 (°C)": 2.3837128913919647
    },
    "front_bearing_inner": {
      "MAE (°C)": 2.0237891,
      "RMSE (°C)": 2.146835423295065,
      "最大误差 (°C)": 3.4698530000000005,
      "平均偏差 (°C)": 2.0237891,
      "标准差 (°C)": 0.7163658377084233
    },
    "rear_bearing_inner": {
      "MAE (°C)": 0.8984722999999999,
      "RMSE (°C)": 1.207993609571301,
      "最大误差 (°C)": 3.0086830000000013,
      "平均偏差 (°C)": -0.22068549999999937,
      "标准差 (°C)": 1.1876642921528169
    },
    "spindle_tail": {
      "MAE (°C)": 6.157135200000001,
      "RMSE (°C)": 6.479125975164443,
      "最大误差 (°C)": 6.976179000000002,
      "平均偏差 (°C)": 6.1278284,
      "标准差 (°C)": 2.104469648677319
    },
    "spindle_bottom": {
      "MAE (°C)": 4.6727500000000015,
      "RMSE (°C)": 4.918437590855942,
      "最大误差 (°C)": 5.299922000000002,
      "平均偏差 (°C)": 4.6727500000000015,
      "标准差 (°C)": 1.535068654049323
    }
  }
}