{
  "总体指标": {
    "平均绝对误差 (MAE)": 5.912445042857144,
    "均方根误差 (RMSE)": 6.411946482951421,
    "最大绝对误差": 12.331175000000002,
    "平均偏差 (Bias)": 5.912445042857144
  },
  "各传感器指标": {
    "front_end_face": {
      "MAE (°C)": 3.050378000000001,
      "RMSE (°C)": 3.9818242993902437,
      "最大误差 (°C)": 8.748103,
      "平均偏差 (°C)": 3.050378000000001,
      "标准差 (°C)": 2.559319989436764
    },
    "cooling_top_1": {
      "MAE (°C)": 3.1374174999999997,
      "RMSE (°C)": 3.4116839950404105,
      "最大误差 (°C)": 5.993777999999999,
      "平均偏差 (°C)": 3.1374174999999997,
      "标准差 (°C)": 1.3402235308741037
    },
    "rear_bearing_outer": {
      "MAE (°C)": 8.2488121,
      "RMSE (°C)": 8.27667172607599,
      "最大误差 (°C)": 9.288935999999996,
      "平均偏差 (°C)": 8.2488121,
      "标准差 (°C)": 0.6785232495053429
    },
    "front_bearing_inner": {
      "MAE (°C)": 6.303003799999997,
      "RMSE (°C)": 6.807168436014711,
      "最大误差 (°C)": 12.331175000000002,
      "平均偏差 (°C)": 6.303003799999997,
      "标准差 (°C)": 2.5709308068208623
    },
    "rear_bearing_inner": {
      "MAE (°C)": 7.763326399999999,
      "RMSE (°C)": 7.842637105398514,
      "最大误差 (°C)": 9.928494,
      "平均偏差 (°C)": 7.763326399999999,
      "标准差 (°C)": 1.1125286396478258
    },
    "spindle_tail": {
      "MAE (°C)": 6.943732099999998,
      "RMSE (°C)": 6.9637595124667735,
      "最大误差 (°C)": 7.776298999999998,
      "平均偏差 (°C)": 6.943732099999998,
      "标准差 (°C)": 0.5277604294574297
    },
    "spindle_bottom": {
      "MAE (°C)": 5.940445400000001,
      "RMSE (°C)": 5.954422824796406,
      "最大误差 (°C)": 6.830217999999999,
      "平均偏差 (°C)": 5.940445400000001,
      "标准差 (°C)": 0.4077494648374652
    }
  }
}